{"assets/fonts/IRANSansMobile-Black.ttf":["assets/fonts/IRANSansMobile-Black.ttf"],"assets/fonts/IRANSansMobile-Bold.ttf":["assets/fonts/IRANSansMobile-Bold.ttf"],"assets/fonts/IRANSansMobile-Light.ttf":["assets/fonts/IRANSansMobile-Light.ttf"],"assets/fonts/IRANSansMobile-Medium.ttf":["assets/fonts/IRANSansMobile-Medium.ttf"],"assets/fonts/IRANSansMobile-UltraLight.ttf":["assets/fonts/IRANSansMobile-UltraLight.ttf"],"assets/fonts/IRANSansMobile.ttf":["assets/fonts/IRANSansMobile.ttf"],"assets/fonts/IRANSansMobileFaNum-Black.ttf":["assets/fonts/IRANSansMobileFaNum-Black.ttf"],"assets/fonts/IRANSansMobileFaNum-Bold.ttf":["assets/fonts/IRANSansMobileFaNum-Bold.ttf"],"assets/fonts/IRANSansMobileFaNum-Light.ttf":["assets/fonts/IRANSansMobileFaNum-Light.ttf"],"assets/fonts/IRANSansMobileFaNum-Medium.ttf":["assets/fonts/IRANSansMobileFaNum-Medium.ttf"],"assets/fonts/IRANSansMobileFaNum-UltraLight.ttf":["assets/fonts/IRANSansMobileFaNum-UltraLight.ttf"],"assets/fonts/IRANSansMobileFaNum.ttf":["assets/fonts/IRANSansMobileFaNum.ttf"],"assets/images/friend_1.jpg":["assets/images/friend_1.jpg"],"assets/images/friend_2.jpg":["assets/images/friend_2.jpg"],"assets/images/friend_3.jpg":["assets/images/friend_3.jpg"],"assets/images/introduction1.png":["assets/images/introduction1.png"],"assets/images/introduction2.png":["assets/images/introduction2.png"],"assets/images/introduction3.png":["assets/images/introduction3.png"],"assets/images/profile_placeholder.png":["assets/images/profile_placeholder.png"],"assets/images/tree.png":["assets/images/tree.png"],"assets/lang/fa.json":["assets/lang/fa.json"],"assets/operators/area_codes.json":["assets/operators/area_codes.json"],"assets/svg/about_us.svg":["assets/svg/about_us.svg"],"assets/svg/account.svg":["assets/svg/account.svg"],"assets/svg/account_balance.svg":["assets/svg/account_balance.svg"],"assets/svg/account_balance_disabled.svg":["assets/svg/account_balance_disabled.svg"],"assets/svg/bill_payment_disabled.svg":["assets/svg/bill_payment_disabled.svg"],"assets/svg/charge_sim.svg":["assets/svg/charge_sim.svg"],"assets/svg/charge_sim_disabled.svg":["assets/svg/charge_sim_disabled.svg"],"assets/svg/clear.svg":["assets/svg/clear.svg"],"assets/svg/common_questions.svg":["assets/svg/common_questions.svg"],"assets/svg/community.svg":["assets/svg/community.svg"],"assets/svg/contact_support.svg":["assets/svg/contact_support.svg"],"assets/svg/contacts.svg":["assets/svg/contacts.svg"],"assets/svg/copy.svg":["assets/svg/copy.svg"],"assets/svg/donak.svg":["assets/svg/donak.svg"],"assets/svg/donak_bold.svg":["assets/svg/donak_bold.svg"],"assets/svg/donak_logo_bold.svg":["assets/svg/donak_logo_bold.svg"],"assets/svg/donak_logo_light.svg":["assets/svg/donak_logo_light.svg"],"assets/svg/donak_logo_medium.svg":["assets/svg/donak_logo_medium.svg"],"assets/svg/download.svg":["assets/svg/download.svg"],"assets/svg/duration.svg":["assets/svg/duration.svg"],"assets/svg/home.svg":["assets/svg/home.svg"],"assets/svg/internet_package.svg":["assets/svg/internet_package.svg"],"assets/svg/internet_package_disabled.svg":["assets/svg/internet_package_disabled.svg"],"assets/svg/irancell.svg":["assets/svg/irancell.svg"],"assets/svg/irancell_selected.svg":["assets/svg/irancell_selected.svg"],"assets/svg/logout.svg":["assets/svg/logout.svg"],"assets/svg/mci.svg":["assets/svg/mci.svg"],"assets/svg/mci_selected.svg":["assets/svg/mci_selected.svg"],"assets/svg/my_bills.svg":["assets/svg/my_bills.svg"],"assets/svg/my_tickets.svg":["assets/svg/my_tickets.svg"],"assets/svg/no_transactions.svg":["assets/svg/no_transactions.svg"],"assets/svg/pay_bill.svg":["assets/svg/pay_bill.svg"],"assets/svg/phone.svg":["assets/svg/phone.svg"],"assets/svg/phone_bold.svg":["assets/svg/phone_bold.svg"],"assets/svg/prefix_money.svg":["assets/svg/prefix_money.svg"],"assets/svg/profile_placeholder.svg":["assets/svg/profile_placeholder.svg"],"assets/svg/reset.svg":["assets/svg/reset.svg"],"assets/svg/rightel.svg":["assets/svg/rightel.svg"],"assets/svg/rightel_selected.svg":["assets/svg/rightel_selected.svg"],"assets/svg/send.svg":["assets/svg/send.svg"],"assets/svg/settings.svg":["assets/svg/settings.svg"],"assets/svg/success.svg":["assets/svg/success.svg"],"assets/svg/terms_and_conditions.svg":["assets/svg/terms_and_conditions.svg"],"assets/svg/time.svg":["assets/svg/time.svg"],"assets/svg/transactions.svg":["assets/svg/transactions.svg"],"assets/svg/tree.svg":["assets/svg/tree.svg"],"assets/svg/unsuccessful.svg":["assets/svg/unsuccessful.svg"],"assets/svg/user.svg":["assets/svg/user.svg"]}