[
  {
    "family": "Regular",
    "fonts": [
      {
        "asset": "assets/fonts/IRANSansMobile.ttf"
      }
    ]
  },
  {
    "family": "Black",
    "fonts": [
      {
        "asset": "assets/fonts/IRANSansMobile-Black.ttf"
      }
    ]
  },
  {
    "family": "Bold",
    "fonts": [
      {
        "asset": "assets/fonts/IRANSansMobile-Bold.ttf"
      }
    ]
  },
  {
    "family": "Light",
    "fonts": [
      {
        "asset": "assets/fonts/IRANSansMobile-Light.ttf"
      }
    ]
  },
  {
    "family": "Medium",
    "fonts": [
      {
        "asset": "assets/fonts/IRANSansMobile-Medium.ttf"
      }
    ]
  },
  {
    "family": "UltraLight",
    "fonts": [
      {
        "asset": "assets/fonts/IRANSansMobile-UltraLight.ttf"
      }
    ]
  },







  {
    "family": "Regular",
    "fonts": [
      {
        "asset": "assets/fonts/IRANSansMobileFaNum.ttf"
      }
    ]
  },
  {
    "family": "Black",
    "fonts": [
      {
        "asset": "assets/fonts/IRANSansMobileFaNum-Black.ttf"
      }
    ]
  },
  {
    "family": "Bold",
    "fonts": [
      {
        "asset": "assets/fonts/IRANSansMobileFaNum-Bold.ttf"
      }
    ]
  },
  {
    "family": "Light",
    "fonts": [
      {
        "asset": "assets/fonts/IRANSansMobileFaNum-Light.ttf"
      }
    ]
  },
  {
    "family": "Medium",
    "fonts": [
      {
        "asset": "assets/fonts/IRANSansMobileFaNum-Medium.ttf"
      }
    ]
  },
  {
    "family": "UltraLight",
    "fonts": [
      {
        "asset": "assets/fonts/IRANSansMobileFaNum-UltraLight.ttf"
      }
    ]
  }
]